{
  "entity": "minecraft:sheep",
  "name": "Herobrine",
  "entity_specific": {
    "ages": {
      "baby": {
        "enabled": true
      },
      "adult": {
        "enabled": true
      }
    }
  },
  "overrides": [
    { "prefix": "", "suffix": "", "texture": "minecraft:textures/entity/sheep/sheep" },
    { "prefix": "", "suffix": "_fur", "texture": "minecraft:textures/entity/sheep/sheep_fur" },
    { "prefix": "", "suffix": "_eyes", "texture": "fleecifer:textures/textured_entity/sheep/herobrine_eyes" },
    { "prefix": "", "suffix": "_eyes_emissive", "texture": "fleecifer:textures/textured_entity/sheep/herobrine_eyes_emissive" }
  ],
  "enabled": true
}